{"cameraMode":{"drawMode":0,"name":"Shaded","section":"Shading Mode"},"sceneLighting":false,"audioPlay":false,"sceneViewState":{"showFog":true,"showMaterialUpdate":false,"showSkybox":false,"showFlares":true,"showImageEffects":true,"showParticleSystems":true},"in2DMode":false,"pivot":{"x":-1.6649311780929566,"y":1.920012354850769,"z":5.968785285949707},"rotation":{"x":0.12174490839242935,"y":0.6479008197784424,"z":-0.10582181811332703,"w":0.744512140750885},"size":1.863390326499939,"orthographic":false}