{"cameraMode":{"drawMode":0,"name":"Shaded","section":"Shading Mode"},"sceneLighting":false,"audioPlay":false,"sceneViewState":{"showFog":true,"showMaterialUpdate":false,"showSkybox":false,"showFlares":true,"showImageEffects":true,"showParticleSystems":true},"in2DMode":false,"pivot":{"x":9.615565299987793,"y":1.0619033575057984,"z":12.337404251098633},"rotation":{"x":0.21311596035957337,"y":-0.021660029888153077,"z":0.004826670978218317,"w":0.9768316745758057},"size":9.552160263061524,"orthographic":false}