{"cameraMode":{"drawMode":0,"name":"Shaded","section":"Shading Mode"},"sceneLighting":false,"audioPlay":false,"sceneViewState":{"showFog":true,"showMaterialUpdate":false,"showSkybox":false,"showFlares":true,"showImageEffects":true,"showParticleSystems":true},"in2DMode":false,"pivot":{"x":0.2860088348388672,"y":0.2923443019390106,"z":10.752944946289063},"rotation":{"x":0.11251536011695862,"y":0.03310367092490196,"z":-0.003649356309324503,"w":0.9931527972221375},"size":6.386345863342285,"orthographic":false}